,County,ID,Name,GraduationPercent,Graduates,Funds,PerStudent
0,Alameda,0110017,Alameda County Office of Education,23.6%,89,"$45,846,580",N/A
0,Alameda,0161119,Alameda Unified,76.2%,780,"$111,647,221","$13,654"
0,Alameda,0161127,Albany City Unified,81.7%,273,"$46,422,662","$13,519"
0,Alameda,0161143,Berkeley Unified,68.9%,732,"$156,776,943","$17,756"
0,Alameda,0131617,California School for the Deaf-Fremont (State Special Schl),61.8%,34,,
0,Alameda,0161150,Castro Valley Unified,75.9%,752,"$96,921,897","$12,118"
0,Alameda,0175093,Dublin Unified,82.4%,569,"$112,036,250","$11,304"
0,Alameda,0161168,Emery Unified,64.9%,37,"$11,932,449","$19,519"
0,Alameda,0161176,Fremont Unified,79.9%,"2,468","$367,360,459","$11,519"
0,Alameda,0161192,Hayward Unified,55.0%,"1,150","$258,575,685","$14,743"
0,Alameda,0161200,Livermore Valley Joint Unified,73.7%,"1,058","$146,968,774","$12,065"
0,Alameda,0161242,New Haven Unified,75.3%,926,"$126,044,254","$13,061"
0,Alameda,0161234,Newark Unified,65.8%,427,"$63,351,035","$12,575"
0,Alameda,0161259,Oakland Unified,58.5%,"2,039","$562,832,639","$17,862"
0,Alameda,0161275,Piedmont City Unified,82.9%,205,"$39,755,668","$17,104"
0,Alameda,0175101,Pleasanton Unified,85.2%,"1,212","$155,015,767","$12,056"
0,Alameda,0161291,San Leandro Unified,65.0%,709,"$100,131,784","$13,351"
0,Alameda,0161309,San Lorenzo Unified,60.6%,809,"$123,521,629","$13,789"
0,Amador,0310033,Amador County Office of Education,0.0%,13,"$11,988,874",N/A
0,Amador,0373981,Amador County Unified,49.2%,311,"$38,786,120","$11,764"
0,Butte,0461408,Biggs Unified,71.1%,45,"$7,499,769","$13,761"
0,Butte,0410041,Butte County Office of Education,*,*,"$70,989,139",N/A
0,Butte,0461424,Chico Unified,72.0%,929,"$133,496,366","$12,985"
0,Butte,0461432,Durham Unified,87.9%,58,"$10,439,668","$11,733"
0,Butte,0461440,Feather Falls Union Elementary,68.0%,"1,863","$314,772","$42,066"
0,Butte,0461457,Golden Feather Union Elementary,68.0%,"1,863","$1,674,965","$57,851"
0,Butte,0475507,Gridley Unified,74.4%,121,"$22,288,594","$13,168"
0,Butte,0461515,Oroville Union High,60.6%,459,"$27,216,934","$15,651"
0,Butte,0461531,Paradise Unified,60.2%,241,"$38,338,727","$14,208"
0,Calaveras,0561556,Bret Harte Union High,68.2%,157,"$11,399,554","$20,310"
0,Calaveras,0510058,Calaveras County Office of Education,*,*,"$11,476,130",N/A
0,Calaveras,0561564,Calaveras Unified,61.1%,221,"$30,540,433","$12,238"
0,Colusa,0610066,Colusa County Office of Education,*,*,"$10,116,134",N/A
0,Colusa,0661598,Colusa Unified,68.4%,95,"$16,055,610","$12,636"
0,Colusa,0661606,Maxwell Unified,85.0%,20,"$4,145,185","$14,126"
0,Colusa,0661614,Pierce Joint Unified,55.7%,106,"$16,126,112","$12,838"
0,Colusa,0661622,Williams Unified,49.5%,95,"$16,071,263","$14,751"
0,Contra Costa,0761630,Acalanes Union High,83.4%,"1,388","$75,777,414","$14,863"
0,Contra Costa,0761648,Antioch Unified,62.7%,"1,181","$192,980,027","$13,876"
0,Contra Costa,0761663,Byron Union Elementary,69.4%,"12,256","$17,006,301","$13,292"
0,Contra Costa,0710074,Contra Costa County Office of Education,23.4%,47,"$77,590,590",N/A
0,Contra Costa,0761697,John Swett Unified,54.2%,131,"$19,416,180","$13,854"
0,Contra Costa,0761721,Liberty Union High,68.7%,"1,931","$87,217,839","$12,634"
0,Contra Costa,0761739,Martinez Unified,62.4%,295,"$43,102,835","$11,549"
0,Contra Costa,0761754,Mt. Diablo Unified,62.4%,"2,020","$344,741,728","$12,947"
0,Contra Costa,0761788,Pittsburg Unified,53.9%,851,"$136,131,406","$13,603"
0,Contra Costa,0761804,San Ramon Valley Unified,84.7%,"2,581","$342,626,148","$11,609"
0,Contra Costa,0761796,West Contra Costa Unified,60.3%,"1,831","$354,747,420","$13,864"
0,Del Norte,0810082,Del Norte County Office of Education,17.6%,17,"$4,257,272",N/A
0,Del Norte,0861820,Del Norte County Unified,54.9%,215,"$42,647,942","$14,202"
0,El Dorado,0973783,Black Oak Mine Unified,58.3%,84,"$11,830,643","$12,973"
0,El Dorado,0961838,Buckeye Union Elementary,68.7%,"1,865","$44,248,528","$10,919"
0,El Dorado,0910090,El Dorado County Office of Education,*,*,"$51,342,926",N/A
0,El Dorado,0961853,El Dorado Union High,70.7%,"1,530","$72,496,933","$12,547"
0,El Dorado,0961903,Lake Tahoe Unified,60.2%,249,"$43,875,806","$13,497"
0,Fresno,1075598,Caruthers Unified,50.0%,132,"$19,916,432","$14,537"
0,Fresno,1073965,Central Unified,71.1%,909,"$174,769,813","$13,256"
0,Fresno,1062117,Clovis Unified,78.0%,"2,972","$446,959,902","$11,838"
0,Fresno,1062125,Coalinga-Huron Unified,72.5%,247,"$54,847,558","$14,575"
0,Fresno,1073809,Firebaugh-Las Deltas Unified,75.3%,162,"$29,936,951","$14,759"
0,Fresno,1062158,Fowler Unified,68.6%,185,"$30,347,140","$13,151"
0,Fresno,1010108,Fresno County Office of Education,9.1%,44,"$140,312,495",N/A
0,Fresno,1062166,Fresno Unified,74.3%,"3,735","$916,547,448","$14,754"
0,Fresno,1075234,Golden Plains Unified,48.9%,88,"$22,902,412","$15,778"
0,Fresno,1073999,Kerman Unified,63.1%,333,"$61,762,574","$13,238"
0,Fresno,1062265,Kings Canyon Joint Unified,66.2%,533,"$122,548,352","$14,732"
0,Fresno,1062257,Kingsburg Joint Union High,73.5%,291,"$13,325,422","$13,774"
0,Fresno,1062281,Laton Joint Unified,73.5%,34,"$8,988,405","$14,505"
0,Fresno,1075127,Mendota Unified,64.0%,172,"$43,066,887","$14,787"
0,Fresno,1062331,Orange Center,71.4%,"11,758","$3,853,286","$17,742"
0,Fresno,1062364,Parlier Unified,60.0%,215,"$45,567,887","$14,444"
0,Fresno,1062380,Raisin City Elementary,71.4%,"11,758","$4,414,457","$15,558"
0,Fresno,1075408,Riverdale Joint Unified,66.9%,142,"$20,704,979","$14,807"
0,Fresno,1062414,Sanger Unified,65.3%,734,"$128,905,234","$13,678"
0,Fresno,1062430,Selma Unified,61.7%,446,"$79,734,092","$14,461"
0,Fresno,1075275,Sierra Unified,60.9%,128,"$16,324,716","$14,994"
0,Yolo,5772694,Washington Unified,59.9%,559,"$84,911,381","$13,307"
0,Fresno,1062539,West Park Elementary,71.4%,"11,758","$4,939,434","$15,339"
0,Fresno,1062547,Westside Elementary,71.4%,"11,758","$4,234,046","$17,873"
0,Glenn,1110116,Glenn County Office of Education,*,*,"$15,566,222",N/A
0,Glenn,1176562,Hamilton Unified,62.1%,66,"$8,044,666","$12,277"
0,Glenn,1175481,Orland Joint Unified,60.6%,155,"$25,998,247","$13,475"
0,Glenn,1162646,Princeton Joint Unified,69.2%,26,"$2,533,258","$18,270"
0,Glenn,1162653,Stony Creek Joint Unified,*,*,"$2,095,067","$37,748"
0,Glenn,1162661,Willows Unified,64.1%,103,"$15,010,785","$11,908"
0,Humboldt,1275515,Eureka City Schools,56.9%,253,"$44,716,470","$14,419"
0,Humboldt,1275374,Ferndale Unified,59.4%,32,"$6,355,282","$14,783"
0,Humboldt,1262810,Fortuna Union High,57.9%,235,"$13,892,983","$15,770"
0,Humboldt,1210124,Humboldt County Office of Education,21.4%,56,"$35,333,168",N/A
0,Humboldt,1262901,Klamath-Trinity Joint Unified,47.0%,66,"$19,202,311","$25,022"
0,Humboldt,1275382,Mattole Unified,*,*,"$1,437,228","$36,337"
0,Humboldt,1262687,Northern Humboldt Union High,55.8%,351,"$18,824,272","$15,256"
0,Humboldt,1263032,South Bay Union Elementary,54.3%,"1,037","$5,207,456","$14,999"
0,Humboldt,1263040,Southern Humboldt Joint Unified,58.1%,43,"$9,378,689","$14,770"
0,Imperial,1363081,Brawley Union High,62.0%,432,"$23,822,013","$14,810"
0,Imperial,1363099,Calexico Unified,72.6%,689,"$115,401,564","$14,778"
0,Imperial,1363107,Calipatria Unified,54.8%,93,"$15,075,962","$15,554"
0,Imperial,1363115,Central Union High,76.4%,917,"$52,573,880","$15,356"
0,Imperial,1363149,Holtville Unified,66.7%,135,"$19,753,622","$14,499"
0,Imperial,1310132,Imperial County Office of Education,38.7%,31,"$80,512,794",N/A
0,Imperial,1363164,Imperial Unified,75.3%,279,"$43,375,159","$11,501"
0,Imperial,1363214,San Pasqual Valley Unified,34.3%,35,"$13,947,795","$24,866"
0,Inyo,1463248,Big Pine Unified,45.5%,11,"$3,669,455","$30,517"
0,Inyo,1476687,Bishop Unified,48.9%,139,"$21,020,039","$12,498"
0,Inyo,1463271,Death Valley Unified,*,*,"$1,348,191","$63,346"
0,Inyo,1410140,Inyo County Office of Education,*,*,"$8,894,540",N/A
0,Inyo,1463289,Lone Pine Unified,60.9%,23,"$6,411,331","$22,243"
0,Inyo,1463297,Owens Valley Unified,*,*,"$1,990,316","$28,381"
0,Kern,1563412,Delano Joint Union High,43.9%,986,"$60,788,497","$16,219"
0,Kern,1575168,El Tejon Unified,43.7%,71,"$9,401,116","$14,922"
0,Kern,1510157,Kern County Office of Education,18.6%,215,"$186,255,008",N/A
0,Kern,1563529,Kern High,50.1%,"8,710","$481,111,959","$14,809"
0,Kern,1563628,Maricopa Unified,59.3%,27,"$6,759,607","$27,221"
0,Kern,1573908,McFarland Unified,49.3%,225,"$44,584,346","$15,514"
0,Kern,1563677,Mojave Unified,32.2%,149,"$34,020,886","$14,668"
0,Kern,1563685,Muroc Joint Unified,58.1%,105,"$20,878,577","$13,045"
0,Kern,1573742,Sierra Sands Unified,45.4%,315,"$55,292,299","$12,476"
0,Kern,1563776,Southern Kern Unified,39.4%,221,"$40,368,354","$13,464"
0,Kern,1563818,Taft Union High,53.4%,208,"$27,716,992","$29,241"
0,Kern,1563826,Tehachapi Unified,46.3%,287,"$46,075,178","$11,940"
0,Kern,1563859,Wasco Union High,46.5%,424,"$24,546,212","$14,966"
0,Kings,1663875,Armona Union Elementary,65.6%,"1,562","$12,544,320","$15,210"
0,Kings,1663891,Corcoran Joint Unified,73.1%,167,"$39,706,276","$14,031"
0,Kings,1663925,Hanford Joint Union High,62.8%,785,"$44,355,466","$13,965"
0,Kings,1610165,Kings County Office of Education,*,*,"$30,597,176",N/A
0,Kings,1663958,Kit Carson Union Elementary,65.6%,"1,562","$4,538,680","$13,986"
0,Kings,1663982,Lemoore Union High,67.1%,438,"$23,748,669","$14,147"
0,Kings,1673932,Reef-Sunset Unified,69.8%,162,"$34,101,918","$14,443"
0,Lake,1764014,Kelseyville Unified,40.0%,130,"$20,913,425","$14,666"
0,Lake,1764022,Konocti Unified,49.3%,150,"$41,945,946","$14,096"
0,Lake,1710173,Lake County Office of Education,*,*,"$10,127,691",N/A
0,Lake,1764030,Lakeport Unified,33.1%,127,"$16,838,040","$13,935"
0,Lake,1764055,Middletown Unified,45.7%,116,"$15,669,426","$11,975"
0,Lake,1776976,Upper Lake Unified,36.1%,61,"$10,059,817","$15,127"
0,Lassen,1864089,Big Valley Joint Unified,46.7%,15,"$2,370,273","$18,751"
0,Lassen,1875036,Fort Sage Unified,50.0%,12,"$2,242,751","$18,642"
0,Lassen,1864139,Lassen Union High,76.2%,168,"$9,365,845","$14,243"
0,Lassen,1864162,Ravendale-Termo Elementary,73.0%,204,"$310,586","$54,637"
0,Lassen,1864204,Westwood Unified,*,*,"$2,475,466","$16,510"
0,Los Angeles,1964212,ABC Unified,66.3%,"1,651","$229,660,090","$12,359"
0,Los Angeles,1975309,Acton-Agua Dulce Unified,55.8%,95,"$17,854,387","$19,827"
0,Los Angeles,1975713,Alhambra Unified,71.7%,"1,872","$215,987,899","$13,881"
0,Los Angeles,1964246,Antelope Valley Union High,60.8%,"4,446","$269,328,394","$14,920"
0,Los Angeles,1964261,Arcadia Unified,84.6%,883,"$106,690,363","$12,319"
0,Los Angeles,1964279,Azusa Unified,52.8%,600,"$113,470,334","$14,804"
0,Los Angeles,1964287,Baldwin Park Unified,62.6%,973,"$176,929,662","$14,861"
0,Los Angeles,1964295,Bassett Unified,61.8%,285,"$46,779,854","$14,469"
0,Los Angeles,1964303,Bellflower Unified,55.9%,889,"$142,319,822","$13,515"
0,Los Angeles,1964311,Beverly Hills Unified,70.9%,382,"$69,220,447","$20,355"
0,Los Angeles,1964329,Bonita Unified,74.0%,788,"$110,363,933","$11,967"
0,Los Angeles,1964337,Burbank Unified,67.3%,"1,308","$156,934,830","$11,804"
0,Los Angeles,1964352,Centinela Valley Union High,60.3%,"1,495","$92,855,085","$16,352"
0,Los Angeles,1964378,Charter Oak Unified,70.2%,429,"$53,373,734","$12,914"
0,Los Angeles,1964394,Claremont Unified,83.9%,638,"$76,136,054","$12,393"
0,Los Angeles,1973437,Compton Unified,50.0%,"1,136","$279,689,377","$15,844"
0,Los Angeles,1964436,Covina-Valley Unified,72.4%,"1,144","$145,828,160","$13,660"
0,Los Angeles,1964444,Culver City Unified,72.7%,509,"$73,832,108","$11,571"
0,Los Angeles,1964451,Downey Unified,58.1%,"1,971","$257,138,431","$12,999"
0,Los Angeles,1964469,Duarte Unified,66.2%,219,"$46,476,140","$14,113"
0,Los Angeles,1964519,El Monte Union High,73.3%,"2,006","$125,207,787","$16,126"
0,Los Angeles,1964527,El Rancho Unified,56.4%,676,"$100,267,989","$12,874"
0,Los Angeles,1964535,El Segundo Unified,80.6%,273,"$38,443,308","$12,161"
0,Los Angeles,1964568,Glendale Unified,80.6%,"1,941","$290,471,082","$12,896"
0,Los Angeles,1964576,Glendora Unified,81.8%,715,"$77,018,823","$12,016"
0,Los Angeles,1964584,Gorman Joint,63.1%,"88,220","$1,326,005","$17,984"
0,Los Angeles,1973445,Hacienda la Puente Unified,69.2%,"1,459","$233,975,165","$13,883"
0,Los Angeles,1964592,Hawthorne,63.1%,"88,220","$97,734,242","$14,827"
0,Los Angeles,1964634,Inglewood Unified,48.0%,537,"$123,735,859","$15,334"
0,Los Angeles,1964642,Keppel Union Elementary,63.1%,"88,220","$32,202,484","$13,917"
0,Los Angeles,1964659,La Canada Unified,88.5%,349,"$46,419,234","$12,274"
0,Los Angeles,1964683,Las Virgenes Unified,80.3%,"1,008","$118,511,731","$11,585"
0,Los Angeles,1964691,Lawndale Elementary,63.1%,"88,220","$74,995,135","$17,313"
0,Los Angeles,1964709,Lennox,63.1%,"88,220","$68,127,245","$14,881"
0,Los Angeles,1964725,Long Beach Unified,71.1%,"5,193","$946,914,661","$14,050"
0,Los Angeles,1910199,Los Angeles County Office of Education,51.2%,533,"$552,054,225",N/A
0,Los Angeles,1964733,Los Angeles Unified,50.8%,"26,633","$7,257,688,789","$16,644"
0,Los Angeles,1964774,Lynwood Unified,49.3%,985,"$176,921,014","$14,390"
0,Los Angeles,1975333,Manhattan Beach Unified,88.1%,606,"$74,666,874","$13,581"
0,Los Angeles,1964790,Monrovia Unified,71.7%,414,"$64,611,785","$12,982"
0,Los Angeles,1964808,Montebello Unified,51.2%,"2,054","$360,168,980","$14,822"
0,Los Angeles,1964840,Norwalk-La Mirada Unified,45.8%,"1,218","$216,836,996","$13,769"
0,Los Angeles,1964857,Palmdale Elementary,63.1%,"88,220","$228,242,615","$13,886"
0,Los Angeles,1964865,Palos Verdes Peninsula Unified,81.0%,"1,097","$121,401,940","$12,112"
0,Los Angeles,1964873,Paramount Unified,53.4%,"1,124","$188,751,568","$14,196"
0,Los Angeles,1964881,Pasadena Unified,72.3%,"1,056","$223,679,597","$14,984"
0,Los Angeles,1964907,Pomona Unified,60.8%,"1,523","$308,730,084","$14,660"
0,Los Angeles,1975341,Redondo Beach Unified,79.5%,669,"$94,558,922","$10,508"
0,Los Angeles,1973452,Rowland Unified,70.0%,"1,033","$161,923,497","$14,091"
0,Los Angeles,1975291,San Gabriel Unified,79.1%,492,"$61,336,806","$13,528"
0,Los Angeles,1964964,San Marino Unified,86.3%,291,"$40,558,449","$14,745"
0,Los Angeles,1964980,Santa Monica-Malibu Unified,72.2%,850,"$169,502,752","$15,975"
0,Los Angeles,1976968,SBE - Academia Avance Charter,63.1%,"88,220",,
0,Los Angeles,1976885,SBE - Anahuacalmecac International University Preparatory of North America,63.1%,"88,220",,
0,Los Angeles,1975663,SBE - New West Charter,63.1%,"88,220",,
0,Los Angeles,1975697,SBE - The School of Arts and Enterprise,63.1%,"88,220",,
0,Los Angeles,1965029,South Pasadena Unified,85.6%,383,"$48,844,401","$11,239"
0,Los Angeles,1965052,Temple City Unified,87.0%,537,"$61,043,473","$11,871"
0,Los Angeles,1965060,Torrance Unified,78.5%,"1,946","$237,564,245","$11,281"
0,Los Angeles,1973460,Walnut Valley Unified,85.5%,"1,495","$147,993,226","$11,443"
0,Los Angeles,1965094,West Covina Unified,65.6%,796,"$110,699,311","$14,799"
0,Los Angeles,1965128,Whittier Union High,66.9%,"2,904","$158,840,476","$15,940"
0,Los Angeles,1965136,William S. Hart Union High,75.6%,"3,711","$233,493,090","$12,755"
0,Los Angeles,1976869,Wiseburn Unified,63.1%,"88,220","$27,216,992","$12,066"
0,Madera,2075606,Chawanakee Unified,59.0%,39,"$8,510,272","$16,702"
0,Madera,2065201,Chowchilla Union High,63.2%,193,"$13,180,993","$14,132"
0,Madera,2075580,Golden Valley Unified,66.4%,134,"$19,596,917","$11,723"
0,Madera,2010207,Madera County Superintendent of Schools,*,*,"$37,084,328",N/A
0,Madera,2065243,Madera Unified,66.7%,"1,145","$244,463,646","$14,482"
0,Madera,2076414,Yosemite Unified,59.2%,174,"$18,500,564","$14,195"
0,Marin,2110215,Marin County Office of Education,33.3%,18,"$38,401,795",N/A
0,Marin,2165417,Novato Unified,75.6%,622,"$84,790,291","$13,446"
0,Marin,2165466,San Rafael City High,75.5%,531,"$35,781,414","$15,582"
0,Marin,2173361,Shoreline Unified,57.1%,28,"$14,414,479","$32,028"
0,Marin,2165482,Tamalpais Union High,78.1%,"1,097","$82,693,678","$19,767"
0,Mariposa,2265532,Mariposa County Unified,54.1%,98,"$21,439,792","$14,769"
0,Mendocino,2365540,Anderson Valley Unified,40.0%,30,"$7,445,225","$18,393"
0,Mendocino,2365557,Arena Union Elementary,34.1%,853,,
0,Mendocino,2365565,Fort Bragg Unified,43.7%,135,"$21,399,851","$14,260"
0,Mendocino,2373916,Laytonville Unified,44.8%,29,"$5,385,778","$17,150"
0,Mendocino,2375218,Leggett Valley Unified,*,*,"$2,412,175","$22,446"
0,Mendocino,2310231,Mendocino County Office of Education,*,*,"$19,248,807",N/A
0,Mendocino,2365581,Mendocino Unified,44.2%,52,"$8,501,144","$18,397"
0,Mendocino,2365599,Point Arena Joint Union High,39.4%,33,,
0,Mendocino,2373866,Potter Valley Community Unified,36.4%,11,"$3,821,325","$17,578"
0,Mendocino,2365607,Round Valley Unified,20.7%,29,"$7,464,379","$21,963"
0,Mendocino,2365615,Ukiah Unified,30.3%,423,"$73,009,142","$14,384"
0,Mendocino,2365623,Willits Unified,27.8%,97,"$19,141,863","$15,047"
0,Merced,2475366,Delhi Unified,56.3%,183,"$32,350,376","$14,280"
0,Merced,2475317,Dos Palos Oro Loma Joint Unified,54.7%,179,"$30,082,401","$14,525"
0,Merced,2473619,Gustine Unified,54.4%,160,"$21,979,627","$14,040"
0,Merced,2465698,Hilmar Unified,58.4%,154,"$25,104,254","$12,429"
0,Merced,2465730,Le Grand Union High,75.2%,109,"$7,558,047","$17,857"
0,Merced,2465755,Los Banos Unified,57.3%,777,"$124,319,360","$12,929"
0,Merced,2410249,Merced County Office of Education,21.8%,206,"$78,686,049",N/A
0,Merced,2465789,Merced Union High,65.9%,"2,254","$136,391,075","$15,587"
0,Modoc,2510256,Modoc County Office of Education,*,*,"$6,941,688",N/A
0,Modoc,2573585,Modoc Joint Unified,44.0%,50,"$9,460,639","$13,701"
0,Modoc,2565896,Surprise Valley Joint Unified,*,*,"$1,995,405","$18,935"
0,Modoc,2573593,Tulelake Basin Joint Unified,57.1%,35,"$6,187,211","$15,877"
0,Mono,2673668,Eastern Sierra Unified,55.6%,18,"$10,228,614","$27,788"
0,Mono,2673692,Mammoth Unified,46.3%,80,"$14,998,657","$13,033"
0,Mono,2610264,Mono County Office of Education,*,*,"$5,236,090",N/A
0,Monterey,2775150,Big Sur Unified,*,*,"$798,928","$88,960"
0,Monterey,2765979,Bradley Union Elementary,61.5%,"4,660","$1,255,349","$16,859"
0,Monterey,2765987,Carmel Unified,78.7%,216,"$57,019,749","$26,177"
0,Monterey,2775473,Gonzales Unified,71.9%,203,"$30,502,186","$14,260"
0,Monterey,2710272,Monterey County Office of Education,25.0%,56,"$104,560,152",N/A
0,Monterey,2766092,Monterey Peninsula Unified,62.6%,666,"$117,449,031","$13,875"
0,Monterey,2773825,North Monterey County Unified,44.4%,295,"$55,475,072","$14,096"
0,Monterey,2766134,Pacific Grove Unified,68.2%,132,"$30,795,361","$18,117"
0,Monterey,2766159,Salinas Union High,61.6%,"2,320","$182,074,114","$13,817"
0,Monterey,2775440,Soledad Unified,57.4%,357,"$60,110,911","$14,087"
0,Monterey,2766068,South Monterey County Joint Union High,63.3%,414,"$29,506,209","$15,058"
0,Napa,2866241,Calistoga Joint Unified,59.2%,49,"$16,439,600","$21,786"
0,Napa,2810280,Napa County Office of Education,28.3%,46,"$33,928,066",N/A
0,Napa,2866266,Napa Valley Unified,67.6%,"1,356","$182,215,320","$12,793"
0,Napa,2866290,Saint Helena Unified,77.9%,95,"$34,176,407","$29,887"
0,Nevada,2910298,Nevada County Office of Education,*,*,"$14,411,067",N/A
0,Nevada,2966357,Nevada Joint Union High,63.3%,577,"$34,876,404","$16,446"
0,Nevada,2976877,Penn Valley Union Elementary,62.7%,585,"$6,476,991","$13,283"
0,Orange,3066431,Anaheim Union High,70.7%,"4,634","$376,199,865","$14,244"
0,Orange,3066449,Brea-Olinda Unified,75.7%,474,"$57,694,805","$10,818"
0,Orange,3066464,Capistrano Unified,79.6%,"3,954","$488,031,578","$11,447"
0,Orange,3066514,Fullerton Joint Union High,72.6%,"3,392","$163,507,202","$13,500"
0,Orange,3066522,Garden Grove Unified,77.8%,"3,385","$541,416,335","$13,758"
0,Orange,3066548,Huntington Beach Union High,81.7%,"3,804","$193,215,637","$13,631"
0,Orange,3073650,Irvine Unified,84.4%,"2,433","$369,634,216","$11,847"
0,Orange,3066555,Laguna Beach Unified,82.4%,261,"$60,445,107","$23,306"
0,Orange,3073924,Los Alamitos Unified,84.5%,825,"$103,572,816","$11,527"
0,Orange,3066597,Newport-Mesa Unified,74.0%,"1,563","$308,825,315","$16,707"
0,Orange,3010306,Orange County Department of Education,33.0%,670,"$234,304,894",N/A
0,Orange,3066621,Orange Unified,70.1%,"2,239","$285,444,673","$12,320"
0,Orange,3066647,Placentia-Yorba Linda Unified,78.0%,"2,093","$271,690,222","$11,869"
0,Orange,3073635,Saddleback Valley Unified,77.3%,"2,334","$286,877,277","$12,163"
0,Orange,3066670,Santa Ana Unified,76.5%,"3,148","$655,298,589","$15,003"
0,Orange,3076893,SBE - Magnolia Science Academy Santa Ana,76.1%,"36,995",,
0,Orange,3073643,Tustin Unified,78.7%,"1,786","$256,914,325","$11,831"
0,Placer,3166845,Loomis Union Elementary,77.1%,"4,969","$23,717,531","$10,979"
0,Placer,3166852,Newcastle Elementary,77.1%,"4,969","$8,406,358","$50,737"
0,Placer,3110314,Placer County Office of Education,40.9%,22,"$50,327,347",N/A
0,Placer,3166894,Placer Union High,72.7%,956,"$46,370,203","$13,462"
0,Placer,3175085,Rocklin Unified,85.1%,905,"$116,200,810","$11,321"
0,Placer,3166928,Roseville Joint Union High,79.2%,"2,390","$112,564,518","$12,920"
0,Placer,3166944,Tahoe-Truckee Unified,63.8%,243,"$65,787,887","$19,061"
0,Placer,3166951,Western Placer Unified,67.5%,453,"$70,306,135","$11,866"
0,Plumas,3210322,Plumas County Office of Education,*,*,"$3,023,154",N/A
0,Plumas,3266969,Plumas Unified,67.3%,107,"$25,782,120","$16,733"
0,Riverside,3366977,Alvord Unified,47.1%,"1,473","$224,915,418","$13,731"
0,Riverside,3366985,Banning Unified,41.8%,256,"$57,927,616","$14,436"
0,Riverside,3366993,Beaumont Unified,55.4%,646,"$107,812,092","$12,346"
0,Riverside,3331625,California School for the Deaf-Riverside (State Special Schl),54.5%,33,,
0,Riverside,3373676,Coachella Valley Unified,54.5%,"1,065","$244,966,912","$15,125"
0,Riverside,3367033,Corona-Norco Unified,62.2%,"4,160","$556,320,537","$11,673"
0,Riverside,3367058,Desert Sands Unified,65.4%,"2,053","$332,504,461","$14,281"
0,Riverside,3367082,Hemet Unified,48.7%,"1,532","$263,755,066","$14,282"
0,Riverside,3367090,Jurupa Unified,47.1%,"1,302","$230,315,403","$13,593"
0,Riverside,3375176,Lake Elsinore Unified,51.2%,"1,446","$238,617,206","$12,962"
0,Riverside,3367116,Menifee Union Elementary,56.5%,"29,689","$97,390,953","$10,797"
0,Riverside,3367124,Moreno Valley Unified,51.4%,"2,276","$402,872,946","$14,055"
0,Riverside,3375200,Murrieta Valley Unified,67.7%,"2,014","$233,619,841","$11,378"
0,Riverside,3367157,Nuview Union ,56.5%,"29,689","$17,936,732","$13,172"
0,Riverside,3367173,Palm Springs Unified,58.3%,"1,671","$276,913,588","$14,815"
0,Riverside,3367181,Palo Verde Unified,52.2%,230,"$36,834,034","$13,459"
0,Riverside,3367207,Perris Union High,48.8%,"1,933","$120,060,193","$14,419"
0,Riverside,3310330,Riverside County Office of Education,19.7%,76,"$190,625,313",N/A
0,Riverside,3367215,Riverside Unified,57.4%,"2,949","$472,284,330","$13,023"
0,Riverside,3367249,San Jacinto Unified,48.3%,696,"$122,983,113","$13,884"
0,Riverside,3376943,SBE - Baypoint Preparatory Academy,56.5%,"29,689",,
0,Riverside,3375192,Temecula Valley Unified,68.7%,"2,347","$283,693,236","$11,537"
0,Riverside,3375242,Val Verde Unified,49.4%,"1,531","$261,976,173","$14,660"
0,Sacramento,3432276,California Education Authority (CEA) Headquarters,29.4%,119,,
0,Sacramento,3473973,Center Joint Unified,64.1%,290,"$48,939,526","$13,519"
0,Sacramento,3467314,Elk Grove Unified,74.2%,"4,431","$677,969,106","$12,539"
0,Sacramento,3467322,Elverta Joint Elementary,67.7%,"14,140","$2,855,539","$14,716"
0,Sacramento,3467330,Folsom-Cordova Unified,75.5%,"1,406","$208,701,113","$12,113"
0,Sacramento,3467355,Galt Joint Union High,63.1%,502,"$28,131,891","$14,487"
0,Sacramento,3475283,Natomas Unified,66.1%,708,"$106,255,080","$12,712"
0,Sacramento,3467413,River Delta Joint Unified,60.5%,129,"$22,777,983","$13,690"
0,Sacramento,3467421,Robla Elementary,67.7%,"14,140","$27,699,054","$15,380"
0,Sacramento,3467439,Sacramento City Unified,64.5%,"2,425","$504,534,629","$14,422"
0,Sacramento,3410348,Sacramento County Office of Education,23.8%,143,"$95,502,184",N/A
0,Sacramento,3467447,San Juan Unified,69.8%,"2,643","$436,044,268","$13,210"
0,Sacramento,3476505,Twin Rivers Unified,51.5%,"1,344","$332,221,438","$15,296"
0,San Benito,3575259,Aromas - San Juan Unified,49.4%,87,"$13,050,474","$14,265"
0,San Benito,3510355,San Benito County Office of Education,*,*,"$11,937,996",N/A
0,San Benito,3567538,San Benito High,63.9%,682,"$35,144,803","$13,794"
0,San Bernardino,3667587,Adelanto Elementary,60.0%,"25,945","$96,317,309","$13,642"
0,San Bernardino,3675077,Apple Valley Unified,54.9%,802,"$145,569,592","$13,033"
0,San Bernardino,3673858,Baker Valley Unified,*,*,"$3,150,042","$20,769"
0,San Bernardino,3667611,Barstow Unified,61.4%,342,"$69,887,525","$13,448"
0,San Bernardino,3667637,Bear Valley Unified,49.4%,170,"$28,743,631","$13,349"
0,San Bernardino,3667652,Chaffey Joint Union High,68.1%,"5,452","$276,204,362","$13,953"
0,San Bernardino,3667678,Chino Valley Unified,73.4%,"2,278","$290,725,083","$11,509"
0,San Bernardino,3667686,Colton Joint Unified,50.1%,"1,368","$268,269,060","$13,573"
0,San Bernardino,3667710,Fontana Unified,58.2%,"2,793","$476,257,722","$14,924"
0,San Bernardino,3667736,Helendale Elementary,60.0%,"25,945","$7,218,663","$13,577"
0,San Bernardino,3675044,Hesperia Unified,56.4%,"1,609","$243,345,271","$13,289"
0,San Bernardino,3675051,Lucerne Valley Unified,54.5%,44,"$10,887,484","$17,966"
0,San Bernardino,3667777,Morongo Unified,53.6%,476,"$99,060,336","$13,466"
0,San Bernardino,3667801,Needles Unified,39.7%,58,"$13,282,505","$16,246"
0,San Bernardino,3667827,Oro Grande,60.0%,"25,945","$10,469,248","$138,632"
0,San Bernardino,3667843,Redlands Unified,66.1%,"1,645","$229,657,292","$12,769"
0,San Bernardino,3667850,Rialto Unified,54.5%,"1,797","$312,414,884","$14,305"
0,San Bernardino,3667868,Rim of the World Unified,55.8%,242,"$36,916,611","$12,941"
0,San Bernardino,3667876,San Bernardino City Unified,49.4%,"3,059","$669,637,335","$15,764"
0,San Bernardino,3610363,San Bernardino County Office of Education,19.7%,122,"$269,476,283",N/A
0,San Bernardino,3673890,Silver Valley Unified,56.8%,81,"$30,249,915","$16,723"
0,San Bernardino,3673957,Snowline Joint Unified,53.8%,515,"$79,933,415","$12,964"
0,San Bernardino,3667892,Trona Joint Unified,42.1%,19,"$9,694,246","$49,424"
0,San Bernardino,3675069,Upland Unified,67.9%,800,"$118,673,675","$12,285"
0,San Bernardino,3667934,Victor Valley Union High,57.0%,"1,538","$132,483,416","$15,149"
0,San Bernardino,3667959,Yucaipa-Calimesa Joint Unified,59.3%,730,"$89,011,253","$12,174"
0,San Diego,3776851,Bonsall Unified,67.9%,56,"$25,394,687","$10,451"
0,San Diego,3767983,Borrego Springs Unified,57.1%,35,"$6,776,447","$19,609"
0,San Diego,3773551,Carlsbad Unified,59.0%,904,"$112,415,960","$11,564"
0,San Diego,3768023,Chula Vista Elementary,68.0%,"29,560","$263,068,169","$13,076"
0,San Diego,3768031,Coronado Unified,79.7%,290,"$34,388,684","$13,014"
0,San Diego,3768049,Dehesa Elementary,68.0%,"29,560","$6,223,504","$21,114"
0,San Diego,3768106,Escondido Union High,62.7%,"1,674","$95,077,937","$15,310"
0,San Diego,3768122,Fallbrook Union High,54.1%,486,"$28,955,903","$15,309"
0,San Diego,3768130,Grossmont Union High,68.4%,"3,480","$216,224,197","$15,353"
0,San Diego,3768155,Jamul-Dulzura Union Elementary,68.0%,"29,560","$6,888,110","$12,896"
0,San Diego,3768163,Julian Union Elementary,68.0%,"29,560","$5,854,156","$18,882"
0,San Diego,3768171,Julian Union High,36.1%,36,"$3,066,670","$27,775"
0,San Diego,3768189,Lakeside Union Elementary,68.0%,"29,560","$54,355,631","$12,426"
0,San Diego,3768213,Mountain Empire Unified,51.6%,91,"$22,654,300","$15,626"
0,San Diego,3773569,Oceanside Unified,32.5%,"1,097","$213,650,074","$13,861"
0,San Diego,3768296,Poway Unified,83.3%,"2,633","$364,057,161","$11,670"
0,San Diego,3768304,Ramona City Unified,62.8%,401,"$59,563,961","$12,049"
0,San Diego,3710371,San Diego County Office of Education,27.7%,285,"$247,848,503",N/A
0,San Diego,3768338,San Diego Unified,72.6%,"6,256","$1,323,900,625","$14,607"
0,San Diego,3768346,San Dieguito Union High,74.1%,"2,083","$135,266,329","$12,008"
0,San Diego,3773791,San Marcos Unified,72.6%,"1,388","$214,343,262","$11,814"
0,San Diego,3776471,SBC - High Tech High,68.0%,"29,560",,
0,San Diego,3777032,SBE - Audeo Charter II,68.0%,"29,560",,
0,San Diego,3777099,SBE - Grossmont Secondary,68.0%,"29,560",,
0,San Diego,3777107,SBE - Sweetwater Secondary,68.0%,"29,560",,
0,San Diego,3768403,Spencer Valley Elementary,68.0%,"29,560","$3,821,917","$101,136"
0,San Diego,3768411,Sweetwater Union High,68.8%,"6,515","$456,583,517","$13,270"
0,San Diego,3768437,Vallecitos Elementary,68.0%,"29,560","$3,165,815","$15,280"
0,San Diego,3775614,Valley Center-Pauma Unified,60.4%,278,"$44,763,543","$13,333"
0,San Diego,3768452,Vista Unified,56.5%,"1,560","$251,063,669","$13,919"
0,San Diego,3775416,Warner Unified,41.7%,12,"$4,118,940","$20,885"
0,San Francisco,3810389,San Francisco County Office of Education,27.3%,44,"$109,110,882",N/A
0,San Francisco,3868478,San Francisco Unified,74.8%,"3,633","$801,486,215","$18,440"
0,San Joaquin,3968502,Escalon Unified,66.3%,199,"$26,753,470","$11,869"
0,San Joaquin,3976760,Lammersville Joint Unified,72.2%,266,"$44,465,880","$10,025"
0,San Joaquin,3968569,Lincoln Unified,72.1%,682,"$97,679,111","$12,790"
0,San Joaquin,3968577,Linden Unified,61.1%,157,"$24,677,399","$12,806"
0,San Joaquin,3968585,Lodi Unified,67.1%,"1,836","$335,334,405","$13,651"
0,San Joaquin,3968593,Manteca Unified,58.5%,"1,741","$252,909,352","$12,300"
0,San Joaquin,3968627,New Jerusalem Elementary,62.6%,"8,525","$5,044,929","$202,970"
0,San Joaquin,3968650,Ripon Unified,68.9%,225,"$31,835,730","$11,111"
0,San Joaquin,3910397,San Joaquin County Office of Education,25.6%,246,"$129,656,521",N/A
0,San Joaquin,3968676,Stockton Unified,57.7%,"1,805","$444,726,473","$15,033"
0,San Joaquin,3975499,Tracy Joint Unified,66.7%,"1,368","$156,991,889","$12,297"
0,San Luis Obispo,4068700,Atascadero Unified,68.2%,358,"$47,767,009","$11,658"
0,San Luis Obispo,4075465,Coast Unified,65.6%,61,"$12,583,468","$24,409"
0,San Luis Obispo,4068759,Lucia Mar Unified,65.9%,820,"$112,277,394","$12,105"
0,San Luis Obispo,4075457,Paso Robles Joint Unified,59.1%,528,"$75,381,576","$13,220"
0,San Luis Obispo,4068809,San Luis Coastal Unified,73.3%,561,"$93,490,183","$14,073"
0,San Luis Obispo,4010405,San Luis Obispo County Office of Education,23.3%,30,"$32,498,376",N/A
0,San Luis Obispo,4068833,Shandon Joint Unified,65.0%,20,"$4,866,828","$17,176"
0,San Luis Obispo,4068841,Templeton Unified,78.3%,212,"$25,230,512","$11,616"
0,San Mateo,4168890,Cabrillo Unified,72.1%,258,"$36,135,265","$13,058"
0,San Mateo,4168916,Jefferson Elementary,75.8%,"6,066","$70,880,794","$13,108"
0,San Mateo,4168924,Jefferson Union High,74.7%,"1,059","$61,601,045","$15,383"
0,San Mateo,4168940,La Honda-Pescadero Unified,44.4%,27,"$6,229,407","$20,696"
0,San Mateo,4168999,Ravenswood City Elementary,75.8%,"6,066","$47,858,528","$20,328"
0,San Mateo,4110413,San Mateo County Office of Education,34.4%,32,"$92,619,276",N/A
0,San Mateo,4169047,San Mateo Union High,81.0%,"2,082","$160,740,605","$21,171"
0,San Mateo,4169062,Sequoia Union High,73.2%,"1,974","$159,634,694","$20,586"
0,San Mateo,4169070,South San Francisco Unified,73.5%,634,"$103,359,427","$13,891"
0,Santa Barbara,4269112,Blochman Union Elementary,67.4%,"4,492","$2,694,677","$15,144"
0,Santa Barbara,4269146,Carpinteria Unified,69.2%,156,"$29,359,543","$14,664"
0,Santa Barbara,4275010,Cuyama Joint Unified,21.4%,14,"$3,212,265","$20,070"
0,Santa Barbara,4269229,Lompoc Unified,63.5%,622,"$111,538,616","$13,549"
0,Santa Barbara,4269260,Orcutt Union Elementary,67.4%,"4,492","$46,110,908","$12,326"
0,Santa Barbara,4210421,Santa Barbara County Office of Education,23.8%,21,"$51,830,895",N/A
0,Santa Barbara,4276786,Santa Barbara Unified,75.8%,"1,633","$163,793,096","$13,393"
0,Santa Barbara,4269310,Santa Maria Joint Union High,61.2%,"1,820","$98,692,421","$15,056"
0,Santa Barbara,4269328,Santa Ynez Valley Union High,73.9%,226,"$13,355,576","$15,345"
0,Santa Barbara,4276950,SBE - Olive Grove Charter,67.4%,"4,492",,
0,Santa Clara,4369401,Campbell Union High,78.3%,"1,764","$105,323,823","$14,942"
0,Santa Clara,4369427,East Side Union High,75.3%,"5,324","$272,175,508","$14,000"
0,Santa Clara,4369468,Fremont Union High,83.7%,"2,662","$153,164,140","$16,353"
0,Santa Clara,4369484,Gilroy Unified,66.7%,819,"$124,945,375","$13,072"
0,Santa Clara,4369534,Los Gatos-Saratoga Joint Union High,86.8%,783,"$56,728,975","$17,950"
0,Santa Clara,4373387,Milpitas Unified,76.1%,863,"$111,160,850","$12,410"
0,Santa Clara,4369583,Morgan Hill Unified,74.3%,622,"$90,006,742","$12,676"
0,Santa Clara,4369609,Mountain View-Los Altos Union High,80.1%,985,"$89,745,536","$23,466"
0,Santa Clara,4369641,Palo Alto Unified,84.0%,938,"$240,737,069","$23,117"
0,Santa Clara,4369666,San Jose Unified,70.9%,"2,378","$350,922,599","$13,282"
0,Santa Clara,4310439,Santa Clara County Office of Education,31.4%,51,"$249,040,954",N/A
0,Santa Clara,4369674,Santa Clara Unified,74.7%,"1,027","$261,430,723","$19,699"
0,Santa Cruz,4469765,Live Oak Elementary,66.6%,"2,363","$19,936,653","$13,364"
0,Santa Cruz,4469799,Pajaro Valley Unified,69.9%,"1,040","$234,679,080","$15,014"
0,Santa Cruz,4469807,San Lorenzo Valley Unified,74.1%,162,"$26,930,934","$13,397"
0,Santa Cruz,4469823,Santa Cruz City High,68.9%,721,,
0,Santa Cruz,4410447,Santa Cruz County Office of Education,31.9%,273,"$53,738,842",N/A
0,Santa Cruz,4475432,Scotts Valley Unified,85.0%,167,"$24,610,803","$10,991"
0,Shasta,4569856,Anderson Union High,57.3%,368,"$18,987,066","$14,308"
0,Shasta,4569989,Fall River Joint Unified,63.0%,73,"$15,280,001","$14,423"
0,Shasta,4575267,Gateway Unified,52.3%,149,"$31,215,598","$16,603"
0,Shasta,4570110,Redding Elementary,60.8%,"1,463","$33,214,949","$13,287"
0,Shasta,4510454,Shasta County Office of Education,9.1%,11,"$28,170,501",N/A
0,Shasta,4570136,Shasta Union High,64.2%,862,"$52,873,387","$14,205"
0,Shasta,4570169,Whitmore Union Elementary,60.8%,"1,463","$716,672","$26,803"
0,Sierra,4670177,Sierra-Plumas Joint Unified,53.8%,26,"$6,196,064","$16,715"
0,Siskiyou,4773684,Butte Valley Unified,38.9%,18,"$4,806,957","$17,223"
0,Siskiyou,4770250,Dunsmuir Joint Union High,57.1%,14,"$1,829,551","$35,316"
0,Siskiyou,4776455,Scott Valley Unified,60.0%,55,"$8,729,894","$15,781"
0,Siskiyou,4710470,Siskiyou County Office of Education,*,*,"$14,751,870",N/A
0,Siskiyou,4770466,Siskiyou Union High,68.0%,125,"$8,541,490","$17,539"
0,Siskiyou,4770516,Yreka Union High,64.9%,111,"$8,949,929","$15,965"
0,Solano,4870524,Benicia Unified,69.8%,420,"$46,676,836","$11,719"
0,Solano,4870532,Dixon Unified,61.9%,257,"$34,103,347","$12,592"
0,Solano,4870540,Fairfield-Suisun Unified,60.5%,"1,311","$215,365,169","$11,898"
0,Solano,4810488,Solano County Office of Education,33.3%,15,"$46,409,018",N/A
0,Solano,4870565,Travis Unified,63.5%,430,"$57,644,949","$12,065"
0,Solano,4870573,Vacaville Unified,58.4%,863,"$113,370,598","$11,937"
0,Solano,4870581,Vallejo City Unified,53.9%,709,"$150,804,918","$14,662"
0,Sonoma,4970656,Cloverdale Unified,53.2%,94,"$16,301,140","$13,692"
0,Sonoma,4973882,Cotati-Rohnert Park Unified,66.8%,440,"$64,925,022","$12,849"
0,Sonoma,4970706,Geyserville Unified,60.0%,20,"$3,818,725","$18,908"
0,Sonoma,4970722,Guerneville Elementary,64.0%,"4,332","$3,717,650","$23,446"
0,Sonoma,4970730,Harmony Union Elementary,64.0%,"4,332","$4,593,584","$20,090"
0,Sonoma,4975390,Healdsburg Unified,69.2%,143,"$24,537,338","$19,390"
0,Sonoma,4970797,Liberty Elementary,64.0%,"4,332","$3,865,073","$20,350"
0,Sonoma,4970839,Oak Grove Union Elementary,64.0%,"4,332","$10,164,282","$14,251"
0,Sonoma,4970854,Petaluma City Elementary,*,*,,
0,Sonoma,4970862,Petaluma Joint Union High,70.8%,720,,
0,Sonoma,4970870,Piner-Olivet Union Elementary,64.0%,"4,332","$13,989,356","$15,539"
0,Sonoma,4970904,Roseland,64.0%,"4,332","$32,324,885","$25,750"
0,Sonoma,4970920,Santa Rosa High,60.1%,"1,758",,
0,Sonoma,4910496,Sonoma County Office of Education,25.0%,20,"$68,130,565",N/A
0,Sonoma,4970953,Sonoma Valley Unified,65.8%,301,"$50,828,088","$15,726"
0,Sonoma,4970961,Twin Hills Union Elementary,64.0%,"4,332","$7,865,908","$13,474"
0,Sonoma,4970607,West Sonoma County Union High,68.8%,439,"$25,833,175","$15,181"
0,Sonoma,4975358,Windsor Unified,62.0%,392,"$46,007,138","$13,706"
0,Stanislaus,5071043,Ceres Unified,58.4%,875,"$162,875,365","$13,556"
0,Stanislaus,5071068,Denair Unified,57.4%,61,"$14,530,278","$13,014"
0,Stanislaus,5071092,Hart-Ransom Union Elementary,61.8%,"6,770","$8,511,665","$11,646"
0,Stanislaus,5075549,Hughson Unified,61.6%,146,"$22,928,163","$12,283"
0,Stanislaus,5071134,Keyes Union,61.8%,"6,770","$9,699,303","$14,722"
0,Stanislaus,5071175,Modesto City High,64.6%,"3,202",,
0,Stanislaus,5073601,Newman-Crows Landing Unified,57.9%,202,"$35,725,597","$14,122"
0,Stanislaus,5075564,Oakdale Joint Unified,60.9%,361,"$56,095,129","$11,881"
0,Stanislaus,5071217,Patterson Joint Unified,56.6%,445,"$74,003,236","$14,597"
0,Stanislaus,5075556,Riverbank Unified,52.2%,205,"$32,068,344","$15,858"
0,Stanislaus,5010504,Stanislaus County Office of Education,17.6%,85,"$122,558,216",N/A
0,Stanislaus,5075739,Turlock Unified,65.4%,"1,061","$162,694,695","$13,382"
0,Stanislaus,5075572,Waterford Unified,55.1%,127,"$24,982,819","$15,308"
0,Sutter,5171373,East Nicolaus Joint Union High,68.6%,70,"$3,823,221","$14,526"
0,Sutter,5171399,Live Oak Unified,64.7%,133,"$22,056,187","$13,297"
0,Sutter,5171407,Marcum-Illinois Union Elementary,63.3%,"1,232","$2,331,122","$15,556"
0,Sutter,5171415,Meridian Elementary,63.3%,"1,232","$1,761,573","$39,812"
0,Sutter,5171423,Nuestro Elementary,63.3%,"1,232","$1,634,354","$12,239"
0,Sutter,5110512,Sutter County Office of Education,28.6%,21,"$35,604,569",N/A
0,Sutter,5171449,Sutter Union High,69.4%,183,"$8,039,274","$12,641"
0,Sutter,5171456,Winship-Robbins,63.3%,"1,232","$2,719,458","$23,763"
0,Sutter,5171464,Yuba City Unified,62.2%,825,"$138,231,663","$13,557"
0,Tehama,5271506,Corning Union High,58.0%,224,"$12,804,048","$15,464"
0,Tehama,5271522,Evergreen Union,55.4%,643,"$11,199,484","$12,014"
0,Tehama,5271571,Los Molinos Unified,58.1%,43,"$7,360,691","$15,072"
0,Tehama,5271639,Red Bluff Joint Union High,53.7%,374,"$20,092,050","$14,668"
0,Tehama,5210520,Tehama County Department of Education,*,*,"$20,139,099",N/A
0,Trinity,5375028,Mountain Valley Unified,53.3%,15,"$4,456,867","$18,934"
0,Trinity,5376513,Trinity Alps Unified,52.4%,82,"$9,932,250","$15,146"
0,Trinity,5310538,Trinity County Office of Education,52.6%,97,"$4,729,956",N/A
0,Tulare,5471803,Alpaugh Unified,42.1%,19,"$4,515,510","$16,581"
0,Tulare,5471837,Burton Elementary,61.7%,"5,729","$50,749,921","$12,305"
0,Tulare,5471860,Cutler-Orosi Joint Unified,54.4%,283,"$57,615,753","$15,909"
0,Tulare,5475531,Dinuba Unified,58.1%,468,"$78,717,886","$13,558"
0,Tulare,5476836,Exeter Unified,61.5%,260,"$31,668,343","$13,452"
0,Tulare,5475325,Farmersville Unified,55.3%,179,"$32,380,531","$14,930"
0,Tulare,5471993,Lindsay Unified,56.3%,268,"$63,039,477","$19,136"
0,Tulare,5475523,Porterville Unified,50.5%,"1,278","$171,035,024","$14,800"
0,Tulare,5472140,Stone Corral Elementary,61.7%,"5,729","$2,089,484","$15,632"
0,Tulare,5410546,Tulare County Office of Education,26.7%,15,"$131,243,508",N/A
0,Tulare,5472249,Tulare Joint Union High,67.8%,"1,146","$69,727,950","$14,725"
0,Tulare,5472256,Visalia Unified,70.1%,"1,673","$325,513,035","$13,440"
0,Tulare,5476794,Woodlake Unified,65.7%,140,"$28,812,018","$15,803"
0,Tuolumne,5575184,Big Oak Flat-Groveland Unified,66.7%,18,"$5,984,017","$22,503"
0,Tuolumne,5572389,Sonora Union High,58.4%,250,"$13,292,294","$14,735"
0,Tuolumne,5572413,Summerville Union High,62.6%,123,"$7,075,504","$20,836"
0,Tuolumne,5510553,Tuolumne County Superintendent of Schools,*,*,"$12,439,378",N/A
0,Ventura,5673759,Conejo Valley Unified,80.0%,"1,788","$188,259,072","$11,165"
0,Ventura,5672454,Fillmore Unified,66.1%,251,"$45,701,161","$13,945"
0,Ventura,5672470,Mesa Union Elementary,75.0%,"9,767","$6,291,348","$11,421"
0,Ventura,5673940,Moorpark Unified,80.2%,495,"$65,243,306","$11,406"
0,Ventura,5673874,Oak Park Unified,83.9%,416,"$43,346,269","$10,538"
0,Ventura,5672520,Ojai Unified,67.9%,165,"$26,979,505","$13,480"
0,Ventura,5672546,Oxnard Union High,72.2%,"3,613","$198,794,407","$13,979"
0,Ventura,5676828,Santa Paula Unified,71.0%,396,"$69,396,470","$14,302"
0,Ventura,5672603,Simi Valley Unified,73.9%,"1,312","$175,423,207","$11,791"
0,Ventura,5610561,Ventura County Office of Education,22.2%,45,"$117,203,312",N/A
0,Ventura,5672652,Ventura Unified,77.8%,"1,286","$184,311,916","$12,525"
0,Yolo,5772678,Davis Joint Unified,80.8%,605,"$90,272,576","$13,447"
0,Yolo,5772686,Esparto Unified,58.3%,84,"$11,458,176","$16,351"
0,Yolo,5772702,Winters Joint Unified,47.9%,119,"$17,812,691","$13,120"
0,Yolo,5772710,Woodland Joint Unified,59.2%,676,"$110,750,601","$13,128"
0,Yolo,5710579,Yolo County Office of Education,26.1%,23,"$23,343,686",N/A
0,Yuba,5872728,Camptonville Elementary,51.4%,675,"$799,323","$18,047"
0,Yuba,5872736,Marysville Joint Unified,49.9%,531,"$113,350,550","$13,649"
0,Yuba,5872769,Wheatland Union High,59.7%,134,"$8,657,346","$13,316"
0,Yuba,5810587,Yuba County Office of Education,*,*,"$18,431,554",N/A
